{"frames":{"chest":{"frame":{"x":4,"y":400,"w":256,"h":158},"trimmed":false,"spriteSourceSize":{"w":256,"h":158,"x":0,"y":0},"sourceSize":{"w":256,"h":158},"rotated":false},"crown":{"frame":{"x":858,"y":10,"w":128,"h":111},"trimmed":false,"spriteSourceSize":{"w":128,"h":111,"x":0,"y":0},"sourceSize":{"w":128,"h":111},"rotated":false},"house1-b":{"frame":{"x":1032,"y":652,"w":512,"h":523},"trimmed":false,"spriteSourceSize":{"w":512,"h":523,"x":0,"y":0},"sourceSize":{"w":512,"h":523},"rotated":false},"house1-t":{"frame":{"x":1020,"y":125,"w":512,"h":523},"trimmed":false,"spriteSourceSize":{"w":512,"h":523,"x":0,"y":0},"sourceSize":{"w":512,"h":523},"rotated":false},"p11c":{"frame":{"x":363,"y":23,"w":369,"h":373},"trimmed":false,"spriteSourceSize":{"w":369,"h":373,"x":0,"y":0},"sourceSize":{"w":369,"h":373},"rotated":false},"p12c":{"frame":{"x":1556,"y":893,"w":460,"h":310},"trimmed":false,"spriteSourceSize":{"w":460,"h":310,"x":0,"y":0},"sourceSize":{"w":460,"h":310},"rotated":false},"p15c":{"frame":{"x":1032,"y":1179,"w":520,"h":398},"trimmed":false,"spriteSourceSize":{"w":520,"h":398,"x":0,"y":0},"sourceSize":{"w":520,"h":398},"rotated":false},"p17c":{"frame":{"x":1032,"y":1581,"w":580,"h":462},"trimmed":false,"spriteSourceSize":{"w":580,"h":462,"x":0,"y":0},"sourceSize":{"w":580,"h":462},"rotated":false},"p17w":{"frame":{"x":736,"y":4,"w":118,"h":554},"trimmed":false,"spriteSourceSize":{"w":118,"h":554,"x":0,"y":0},"sourceSize":{"w":118,"h":554},"rotated":false},"p20w":{"frame":{"x":4,"y":564,"w":210,"h":485},"trimmed":false,"spriteSourceSize":{"w":210,"h":485,"x":0,"y":0},"sourceSize":{"w":210,"h":485},"rotated":false},"p25c":{"frame":{"x":1616,"y":1620,"w":426,"h":423},"trimmed":false,"spriteSourceSize":{"w":426,"h":423,"x":0,"y":0},"sourceSize":{"w":426,"h":423},"rotated":false},"p27c":{"frame":{"x":1536,"y":25,"w":378,"h":371},"trimmed":false,"spriteSourceSize":{"w":378,"h":371,"x":0,"y":0},"sourceSize":{"w":378,"h":371},"rotated":false},"p30c":{"frame":{"x":1616,"y":1207,"w":424,"h":409},"trimmed":false,"spriteSourceSize":{"w":424,"h":409,"x":0,"y":0},"sourceSize":{"w":424,"h":409},"rotated":false},"p32c":{"frame":{"x":1548,"y":400,"w":450,"h":489},"trimmed":false,"spriteSourceSize":{"w":450,"h":489,"x":0,"y":0},"sourceSize":{"w":450,"h":489},"rotated":false},"p34w":{"frame":{"x":736,"y":562,"w":280,"h":487},"trimmed":false,"spriteSourceSize":{"w":280,"h":487,"x":0,"y":0},"sourceSize":{"w":280,"h":487},"rotated":false},"p8c":{"frame":{"x":4,"y":22,"w":355,"h":374},"trimmed":false,"spriteSourceSize":{"w":355,"h":374,"x":0,"y":0},"sourceSize":{"w":355,"h":374},"rotated":false},"p8w":{"frame":{"x":858,"y":131,"w":158,"h":427},"trimmed":false,"spriteSourceSize":{"w":158,"h":427,"x":0,"y":0},"sourceSize":{"w":158,"h":427},"rotated":false},"palms3-2":{"frame":{"x":218,"y":586,"w":512,"h":463},"trimmed":false,"spriteSourceSize":{"w":512,"h":463,"x":0,"y":0},"sourceSize":{"w":512,"h":463},"rotated":false},"pet-4":{"frame":{"x":264,"y":415,"w":128,"h":167},"trimmed":false,"spriteSourceSize":{"w":128,"h":167,"x":0,"y":0},"sourceSize":{"w":128,"h":167},"rotated":false},"pet-5":{"frame":{"x":396,"y":415,"w":128,"h":167},"trimmed":false,"spriteSourceSize":{"w":128,"h":167,"x":0,"y":0},"sourceSize":{"w":128,"h":167},"rotated":false},"pet-6":{"frame":{"x":528,"y":415,"w":128,"h":167},"trimmed":false,"spriteSourceSize":{"w":128,"h":167,"x":0,"y":0},"sourceSize":{"w":128,"h":167},"rotated":false},"temple":{"frame":{"x":4,"y":1053,"w":1024,"h":990},"trimmed":false,"spriteSourceSize":{"w":1024,"h":990,"x":0,"y":0},"sourceSize":{"w":1024,"h":990},"rotated":false}},"meta":{"image":"spritesheet4-2.png","size":{"w":2048,"h":2048},"scale":1}}