{"frames":{"box9":{"frame":{"x":72,"y":4,"w":128,"h":21},"trimmed":false,"spriteSourceSize":{"w":128,"h":21,"x":0,"y":0},"sourceSize":{"w":128,"h":21},"rotated":false},"box9filled":{"frame":{"x":204,"y":4,"w":128,"h":21},"trimmed":false,"spriteSourceSize":{"w":128,"h":21,"x":0,"y":0},"sourceSize":{"w":128,"h":21},"rotated":false},"circle":{"frame":{"x":1844,"y":29,"w":128,"h":128},"trimmed":false,"spriteSourceSize":{"w":128,"h":128,"x":0,"y":0},"sourceSize":{"w":128,"h":128},"rotated":false},"coins_b":{"frame":{"x":67,"y":29,"w":196,"h":196},"trimmed":false,"spriteSourceSize":{"w":196,"h":196,"x":0,"y":0},"sourceSize":{"w":196,"h":196},"rotated":false},"confetti":{"frame":{"x":267,"y":57,"w":64,"h":32},"trimmed":false,"spriteSourceSize":{"w":64,"h":32,"x":0,"y":0},"sourceSize":{"w":64,"h":32},"rotated":false},"crabs":{"frame":{"x":1320,"y":6,"w":128,"h":151},"trimmed":false,"spriteSourceSize":{"w":128,"h":151,"x":0,"y":0},"sourceSize":{"w":128,"h":151},"rotated":false},"dead":{"frame":{"x":220,"y":229,"w":128,"h":109},"trimmed":false,"spriteSourceSize":{"w":128,"h":109,"x":0,"y":0},"sourceSize":{"w":128,"h":109},"rotated":false},"debris":{"frame":{"x":1452,"y":8,"w":256,"h":149},"trimmed":false,"spriteSourceSize":{"w":256,"h":149,"x":0,"y":0},"sourceSize":{"w":256,"h":149},"rotated":false},"gridpixel":{"frame":{"x":4,"y":5,"w":1,"h":1},"trimmed":false,"spriteSourceSize":{"w":1,"h":1,"x":0,"y":0},"sourceSize":{"w":1,"h":1},"rotated":false},"heart":{"frame":{"x":1032,"y":1505,"w":96,"h":88},"trimmed":false,"spriteSourceSize":{"w":96,"h":88,"x":0,"y":0},"sourceSize":{"w":96,"h":88},"rotated":false},"house2-b":{"frame":{"x":715,"y":355,"w":512,"h":587},"trimmed":false,"spriteSourceSize":{"w":512,"h":587,"x":0,"y":0},"sourceSize":{"w":512,"h":587},"rotated":false},"house2-t":{"frame":{"x":1231,"y":364,"w":512,"h":587},"trimmed":false,"spriteSourceSize":{"w":512,"h":587,"x":0,"y":0},"sourceSize":{"w":512,"h":587},"rotated":false},"icon-fog-1":{"frame":{"x":267,"y":161,"w":64,"h":64},"trimmed":false,"spriteSourceSize":{"w":64,"h":64,"x":0,"y":0},"sourceSize":{"w":64,"h":64},"rotated":false},"icon-kill":{"frame":{"x":267,"y":93,"w":64,"h":64},"trimmed":false,"spriteSourceSize":{"w":64,"h":64,"x":0,"y":0},"sourceSize":{"w":64,"h":64},"rotated":false},"icon-player":{"frame":{"x":1976,"y":93,"w":64,"h":64},"trimmed":false,"spriteSourceSize":{"w":64,"h":64,"x":0,"y":0},"sourceSize":{"w":64,"h":64},"rotated":false},"large-ship":{"frame":{"x":1231,"y":1503,"w":768,"h":541},"trimmed":false,"spriteSourceSize":{"w":768,"h":541,"x":0,"y":0},"sourceSize":{"w":768,"h":541},"rotated":false},"p13c":{"frame":{"x":990,"y":7,"w":326,"h":344},"trimmed":false,"spriteSourceSize":{"w":326,"h":344,"x":0,"y":0},"sourceSize":{"w":326,"h":344},"rotated":false},"p13w":{"frame":{"x":1032,"y":1597,"w":192,"h":447},"trimmed":false,"spriteSourceSize":{"w":192,"h":447,"x":0,"y":0},"sourceSize":{"w":192,"h":447},"rotated":false},"p16w":{"frame":{"x":1858,"y":960,"w":150,"h":539},"trimmed":false,"spriteSourceSize":{"w":150,"h":539,"x":0,"y":0},"sourceSize":{"w":150,"h":539},"rotated":false},"p18c":{"frame":{"x":1234,"y":959,"w":620,"h":540},"trimmed":false,"spriteSourceSize":{"w":620,"h":540,"x":0,"y":0},"sourceSize":{"w":620,"h":540},"rotated":false},"p18w":{"frame":{"x":434,"y":342,"w":139,"h":600},"trimmed":false,"spriteSourceSize":{"w":139,"h":600,"x":0,"y":0},"sourceSize":{"w":139,"h":600},"rotated":false},"p20c":{"frame":{"x":624,"y":4,"w":362,"h":345},"trimmed":false,"spriteSourceSize":{"w":362,"h":345,"x":0,"y":0},"sourceSize":{"w":362,"h":345},"rotated":false},"p21w":{"frame":{"x":577,"y":353,"w":134,"h":589},"trimmed":false,"spriteSourceSize":{"w":134,"h":589,"x":0,"y":0},"sourceSize":{"w":134,"h":589},"rotated":false},"p24c":{"frame":{"x":352,"y":7,"w":268,"h":331},"trimmed":false,"spriteSourceSize":{"w":268,"h":331,"x":0,"y":0},"sourceSize":{"w":268,"h":331},"rotated":false},"p29c":{"frame":{"x":1747,"y":161,"w":286,"h":357},"trimmed":false,"spriteSourceSize":{"w":286,"h":357,"x":0,"y":0},"sourceSize":{"w":286,"h":357},"rotated":false},"p31w":{"frame":{"x":4,"y":229,"w":212,"h":713},"trimmed":false,"spriteSourceSize":{"w":212,"h":713,"x":0,"y":0},"sourceSize":{"w":212,"h":713},"rotated":false},"p33w":{"frame":{"x":1032,"y":955,"w":198,"h":544},"trimmed":false,"spriteSourceSize":{"w":198,"h":544,"x":0,"y":0},"sourceSize":{"w":198,"h":544},"rotated":false},"p35w":{"frame":{"x":220,"y":342,"w":210,"h":600},"trimmed":false,"spriteSourceSize":{"w":210,"h":600,"x":0,"y":0},"sourceSize":{"w":210,"h":600},"rotated":false},"p7c":{"frame":{"x":1747,"y":522,"w":293,"h":433},"trimmed":false,"spriteSourceSize":{"w":293,"h":433,"x":0,"y":0},"sourceSize":{"w":293,"h":433},"rotated":false},"pet-1":{"frame":{"x":1320,"y":193,"w":128,"h":167},"trimmed":false,"spriteSourceSize":{"w":128,"h":167,"x":0,"y":0},"sourceSize":{"w":128,"h":167},"rotated":false},"pet-2":{"frame":{"x":1452,"y":193,"w":128,"h":167},"trimmed":false,"spriteSourceSize":{"w":128,"h":167,"x":0,"y":0},"sourceSize":{"w":128,"h":167},"rotated":false},"pet-3":{"frame":{"x":1584,"y":193,"w":128,"h":167},"trimmed":false,"spriteSourceSize":{"w":128,"h":167,"x":0,"y":0},"sourceSize":{"w":128,"h":167},"rotated":false},"rocks":{"frame":{"x":1712,"y":28,"w":128,"h":129},"trimmed":false,"spriteSourceSize":{"w":128,"h":129,"x":0,"y":0},"sourceSize":{"w":128,"h":129},"rotated":false},"spark":{"frame":{"x":4,"y":10,"w":64,"h":6},"trimmed":false,"spriteSourceSize":{"w":64,"h":6,"x":0,"y":0},"sourceSize":{"w":64,"h":6},"rotated":false},"volcano":{"frame":{"x":4,"y":946,"w":1024,"h":1098},"trimmed":false,"spriteSourceSize":{"w":1024,"h":1098,"x":0,"y":0},"sourceSize":{"w":1024,"h":1098},"rotated":false},"weapon":{"frame":{"x":4,"y":20,"w":59,"h":205},"trimmed":false,"spriteSourceSize":{"w":59,"h":205,"x":0,"y":0},"sourceSize":{"w":59,"h":205},"rotated":false}},"meta":{"image":"spritesheet4-.png","size":{"w":2048,"h":2048},"scale":1}}