{"frames":{"bush-1":{"frame":{"x":1478,"y":521,"w":256,"h":251},"trimmed":false,"spriteSourceSize":{"w":256,"h":251,"x":0,"y":0},"sourceSize":{"w":256,"h":251},"rotated":false},"bush-2":{"frame":{"x":1738,"y":521,"w":256,"h":251},"trimmed":false,"spriteSourceSize":{"w":256,"h":251,"x":0,"y":0},"sourceSize":{"w":256,"h":251},"rotated":false},"p12w":{"frame":{"x":1910,"y":68,"w":125,"h":449},"trimmed":false,"spriteSourceSize":{"w":125,"h":449,"x":0,"y":0},"sourceSize":{"w":125,"h":449},"rotated":false},"p16c":{"frame":{"x":520,"y":54,"w":406,"h":329},"trimmed":false,"spriteSourceSize":{"w":406,"h":329,"x":0,"y":0},"sourceSize":{"w":406,"h":329},"rotated":false},"p19c":{"frame":{"x":974,"y":660,"w":370,"h":428},"trimmed":false,"spriteSourceSize":{"w":370,"h":428,"x":0,"y":0},"sourceSize":{"w":370,"h":428},"rotated":false},"p23w":{"frame":{"x":1348,"y":507,"w":126,"h":581},"trimmed":false,"spriteSourceSize":{"w":126,"h":581,"x":0,"y":0},"sourceSize":{"w":126,"h":581},"rotated":false},"p26c":{"frame":{"x":520,"y":387,"w":434,"h":339},"trimmed":false,"spriteSourceSize":{"w":434,"h":339,"x":0,"y":0},"sourceSize":{"w":434,"h":339},"rotated":false},"p27w":{"frame":{"x":958,"y":129,"w":254,"h":527},"trimmed":false,"spriteSourceSize":{"w":254,"h":527,"x":0,"y":0},"sourceSize":{"w":254,"h":527},"rotated":false},"p29w":{"frame":{"x":1216,"y":175,"w":128,"h":481},"trimmed":false,"spriteSourceSize":{"w":128,"h":481,"x":0,"y":0},"sourceSize":{"w":128,"h":481},"rotated":false},"p30w":{"frame":{"x":1348,"y":41,"w":274,"h":462},"trimmed":false,"spriteSourceSize":{"w":274,"h":462,"x":0,"y":0},"sourceSize":{"w":274,"h":462},"rotated":false},"p31c":{"frame":{"x":520,"y":730,"w":450,"h":443},"trimmed":false,"spriteSourceSize":{"w":450,"h":443,"x":0,"y":0},"sourceSize":{"w":450,"h":443},"rotated":false},"p32w":{"frame":{"x":1626,"y":68,"w":280,"h":449},"trimmed":false,"spriteSourceSize":{"w":280,"h":449,"x":0,"y":0},"sourceSize":{"w":280,"h":449},"rotated":false},"p33c":{"frame":{"x":1036,"y":1092,"w":450,"h":459},"trimmed":false,"spriteSourceSize":{"w":450,"h":459,"x":0,"y":0},"sourceSize":{"w":450,"h":459},"rotated":false},"p34c":{"frame":{"x":1490,"y":776,"w":450,"h":433},"trimmed":false,"spriteSourceSize":{"w":450,"h":433,"x":0,"y":0},"sourceSize":{"w":450,"h":433},"rotated":false},"p35c":{"frame":{"x":1036,"y":1555,"w":450,"h":489},"trimmed":false,"spriteSourceSize":{"w":450,"h":489,"x":0,"y":0},"sourceSize":{"w":450,"h":489},"rotated":false},"palms-1":{"frame":{"x":1490,"y":1213,"w":512,"h":411},"trimmed":false,"spriteSourceSize":{"w":512,"h":411,"x":0,"y":0},"sourceSize":{"w":512,"h":411},"rotated":false},"palms-2":{"frame":{"x":4,"y":27,"w":512,"h":488},"trimmed":false,"spriteSourceSize":{"w":512,"h":488,"x":0,"y":0},"sourceSize":{"w":512,"h":488},"rotated":false},"palms2-1":{"frame":{"x":520,"y":1177,"w":512,"h":418},"trimmed":false,"spriteSourceSize":{"w":512,"h":418,"x":0,"y":0},"sourceSize":{"w":512,"h":418},"rotated":false},"palms2-2":{"frame":{"x":4,"y":519,"w":512,"h":493},"trimmed":false,"spriteSourceSize":{"w":512,"h":493,"x":0,"y":0},"sourceSize":{"w":512,"h":493},"rotated":false},"palms3-1":{"frame":{"x":1490,"y":1628,"w":512,"h":416},"trimmed":false,"spriteSourceSize":{"w":512,"h":416,"x":0,"y":0},"sourceSize":{"w":512,"h":416},"rotated":false},"pet-7":{"frame":{"x":1216,"y":4,"w":128,"h":167},"trimmed":false,"spriteSourceSize":{"w":128,"h":167,"x":0,"y":0},"sourceSize":{"w":128,"h":167},"rotated":false},"ruins-1":{"frame":{"x":4,"y":1532,"w":512,"h":512},"trimmed":false,"spriteSourceSize":{"w":512,"h":512,"x":0,"y":0},"sourceSize":{"w":512,"h":512},"rotated":false},"ruins-2":{"frame":{"x":4,"y":1016,"w":512,"h":512},"trimmed":false,"spriteSourceSize":{"w":512,"h":512,"x":0,"y":0},"sourceSize":{"w":512,"h":512},"rotated":false},"ruins-3":{"frame":{"x":520,"y":1599,"w":512,"h":445},"trimmed":false,"spriteSourceSize":{"w":512,"h":445,"x":0,"y":0},"sourceSize":{"w":512,"h":445},"rotated":false}},"meta":{"image":"spritesheet4-3.png","size":{"w":2048,"h":2048},"scale":1}}